{
  "sentences_processed": 100000,
  "total_pairs": 32489896,
  "unique_pairs": 4368507,
  "skipped_tokens": 44959,
  "window_size": 10,
  "vocab_size": 41730,
  "processing_time_seconds": 35.40397024154663,
  "use_sparse": true,
  "timestamp": "2025-12-24T06:14:29.714007"
}